hostname,worker_id,start_time,stop_time,run_number,n_steps
f11n14,Worker-a5390deb-f86b-4716-94e7-882c567a5ccf,1665064872.7327726,1665065121.1793835,04b3fb4c-c28f-4415-ac78-fcc2448f474d,250000
f11n14,Worker-e5b1a9f3-1f85-45f9-88e6-d167cb17969e,1665064872.7116408,1665065122.0356572,5b289169-5f98-4449-ba6a-6cfe1f819a79,250000
f11n14,Worker-6b70ac49-b802-4c0d-9cf6-f6d0fbece0c8,1665064872.6475465,1665065122.1866384,e40602b3-729a-4f24-90af-72041e7114e9,250000
f11n14,Worker-6af05f20-3bfb-4da8-b8a1-a0a6a16f2448,1665064872.658156,1665065123.531004,1317016e-ac3c-416c-854a-dd11a25ce497,250000
f11n14,Worker-5b46287f-df12-4f6d-92af-9f71cf064787,1665064872.6932714,1665065124.6448822,0cfff92a-1cbe-41c7-b7f8-536ac3c46c04,250000
f11n14,Worker-d39bcc1b-e719-4ae8-b715-0630f26581a7,1665064872.6475465,1665065124.7635074,907076cc-68b1-49c7-9bef-874280f40c5b,250000
f11n13,Worker-c5270ae6-fd54-44fa-ba75-8d805e83eb54,1665064876.4775898,1665065125.3992226,e1c5532f-035d-46eb-9cad-7e6974ab6b76,250000
f11n13,Worker-0dff144e-3cec-4c3f-bf36-0d3b7f7a024b,1665064876.4778938,1665065125.8134696,9d3dd9df-a175-4055-a41a-086638200902,250000
f11n13,Worker-64f27f50-0c4f-429f-a8f5-738131d60f7e,1665064876.4775796,1665065126.1458328,64cc665a-f00d-4ebe-a89c-f20a831ad19d,250000
f11n13,Worker-61b74227-9cb8-41d6-9ceb-7fa6d0d017ae,1665064876.4773529,1665065126.4980772,14b48d21-fdbf-4d79-80b5-2b02e5683738,250000
f11n13,Worker-c4c370b9-6e70-47a4-a6c4-8e9ddd8a3e68,1665064876.4779797,1665065126.8074248,0d67cb98-b47a-4446-9b79-541391e4f303,250000
f11n13,Worker-114d0e75-4ef9-4692-b51f-12bd4458cb5c,1665064876.4779146,1665065127.4205568,241b6870-f16a-4c93-b841-ce8ba421be50,250000
f11n14,Worker-a5390deb-f86b-4716-94e7-882c567a5ccf,1665065121.4394433,1665065366.1361184,ca814166-4f85-496c-90c0-33ee66271152,250000
f11n14,Worker-6b70ac49-b802-4c0d-9cf6-f6d0fbece0c8,1665065122.3883026,1665065368.3506598,9ee4aa0a-0425-4c6f-b756-76d5239fe9a0,250000
f11n14,Worker-e5b1a9f3-1f85-45f9-88e6-d167cb17969e,1665065122.0671568,1665065368.7795475,66c9bf40-ead2-469b-bccf-eaf4e7cf4acd,250000
f11n13,Worker-c5270ae6-fd54-44fa-ba75-8d805e83eb54,1665065125.401787,1665065370.4738715,f977a838-9ac2-4e64-a985-c0488cc70b23,250000
f11n14,Worker-6af05f20-3bfb-4da8-b8a1-a0a6a16f2448,1665065123.7087383,1665065370.9266326,1c78f110-a7ec-4e0b-9c14-92f680ed4af6,250000
f11n13,Worker-64f27f50-0c4f-429f-a8f5-738131d60f7e,1665065126.3230171,1665065372.1639411,6028fae3-9626-467f-bd49-c3aec318bcd6,250000
f11n13,Worker-0dff144e-3cec-4c3f-bf36-0d3b7f7a024b,1665065125.9873464,1665065372.377782,513823d6-5ace-415d-82fb-142f304a4947,250000
f11n13,Worker-61b74227-9cb8-41d6-9ceb-7fa6d0d017ae,1665065126.6709743,1665065372.8572237,ccff7cac-59ef-46a6-97c7-35f5c3a2fe15,250000
f11n13,Worker-c4c370b9-6e70-47a4-a6c4-8e9ddd8a3e68,1665065126.9746132,1665065372.9641476,b2eb782b-c47d-43f2-9776-29e3158ed816,250000
f11n14,Worker-5b46287f-df12-4f6d-92af-9f71cf064787,1665065124.6480944,1665065373.802904,65de52d6-e88c-4c3c-b01a-49c8603428b7,250000
f11n14,Worker-d39bcc1b-e719-4ae8-b715-0630f26581a7,1665065124.9381921,1665065373.9623644,febebdde-e8c1-477e-871b-d5853037d10f,250000
f11n13,Worker-114d0e75-4ef9-4692-b51f-12bd4458cb5c,1665065127.4293303,1665065374.4365191,84fd294e-ed3d-4db6-8f6a-5b319b0e91df,250000
f11n14,Worker-a5390deb-f86b-4716-94e7-882c567a5ccf,1665065366.1596863,1665065611.782579,8039879d-8e9e-4019-8a11-9df2025f6932,250000
f11n14,Worker-6b70ac49-b802-4c0d-9cf6-f6d0fbece0c8,1665065368.5151598,1665065614.801968,da68c63d-7747-42ff-8bbd-0ddc1dc18e81,250000
f11n14,Worker-e5b1a9f3-1f85-45f9-88e6-d167cb17969e,1665065368.959627,1665065615.435052,1f44cbe9-e427-49e1-8dfb-48552bb6df79,250000
f11n13,Worker-c5270ae6-fd54-44fa-ba75-8d805e83eb54,1665065370.6429696,1665065615.734014,58249367-f6da-4f5a-a5eb-fb254683a262,250000
f11n13,Worker-64f27f50-0c4f-429f-a8f5-738131d60f7e,1665065372.1821108,1665065618.792757,70dab62b-5be8-4d3f-81cf-d4ca5d3d9118,250000
f11n13,Worker-0dff144e-3cec-4c3f-bf36-0d3b7f7a024b,1665065372.559769,1665065618.7972994,3c748ea7-3444-47d5-8b64-3ec7693e9382,250000
f11n13,Worker-c4c370b9-6e70-47a4-a6c4-8e9ddd8a3e68,1665065373.1573455,1665065618.917077,8a4797cd-ff66-4605-a1ec-d096fe4b51b2,250000
f11n14,Worker-6af05f20-3bfb-4da8-b8a1-a0a6a16f2448,1665065370.9298465,1665065618.9727902,99a291c8-fc7f-4b12-bacf-be62278f0b82,250000
f11n13,Worker-61b74227-9cb8-41d6-9ceb-7fa6d0d017ae,1665065373.0412164,1665065619.5956993,ba9d4c1a-3e9c-4fde-9c9b-006097c17f33,250000
f11n13,Worker-114d0e75-4ef9-4692-b51f-12bd4458cb5c,1665065374.897118,1665065622.0399036,d3d63af5-fd2e-477c-aa75-01834c1e28a4,250000
f11n14,Worker-5b46287f-df12-4f6d-92af-9f71cf064787,1665065373.9734461,1665065623.1463814,0728d1a5-5d20-4905-b7e5-b0f66d9f1bb5,250000
f11n14,Worker-d39bcc1b-e719-4ae8-b715-0630f26581a7,1665065374.1328945,1665065623.6609657,ce08a108-512c-4672-82b6-cd663ea287fa,250000
